Nombre,Apellidos,Email,Telefono,Sexo,Edad
Casandra,Maciel Córdova,casandra.maciel11@gmail.com,3362724351,F,72
Omar,López Carrillo,omar.lópez95@outlook.com,3321947017,M,4
Luis Pedro,Macías Hernández,luis.macías64@yahoo.com,3322434810,M,84
Daniel,Maciel_inv Hernández,daniel.maciel15@gmail.com,3367892153,M,20
Lucia,Maciel García,lucia.maciel20@hotmail.com,3339975582,F,15
María,Córdova Torres,maría.córdova57@outlook.com,3389800654,F,65
Armando Germán,Hernández Torres,armando.hernández9@gmail.com,3355767227,M,85
Pedro Juan,Macías Maciel,pedro.macías62@hotmail.com,3303493699,M,93
Cristina,Carrillo Torres,cristina.carrillo44@outlook.com,3321271975***,F,47
Antonio,Aréchiga López,antonio.aréchiga54(*2@hotmail.com,3340956040,M,65
Pedro,Carrillo Maciel,pedro.carrillo19@outlook.com,3351731582,M,14
Pedro,Macías Torres,pedro.macías11@hotmail.com,3380222660,M,11
Antonio Antonio,López Córdova,antonio.lópez42@gmail.com,3330491381,M,6
Denise,Maciel Aréchiga,denise.maciel3@outlook.com,3352589977,F,57
Isabel Alma,Pérez Carrillo,isabel.pérez75@outlook.com,3320583244,F,42
Pedro,Cuevas García,pedro.cuevas97@outlook.com,3300873719,M,54
Daniel Germán,Miramontes Macías,daniel.miramontes49@hotmail.com,3333472582,M,35
Miguel,Hernández Aréchiga,miguel.hernández45@yahoo.com,3337694180,M,98
Manuel Omar,Torres Torres,manuel.torres28@gmail.com,3361570276,M,62
Casandra,Maciel Aréchiga,casandra.maciel7@outlook.com,3322613648,F,47
Armando Darío,Torres Pérez,armando.torres11@outlook.com,3343950737,M,86
María Alma,Macías Miramontes,maría.macías81@gmail.com,3361840643,F,97
Luis Germán,Aréchiga García,luis.aréchiga69@yahoo.com,3329436259,M,88
Miguel José,López Aréchiga,miguel.lópez43@hotmail.com,3325024558,M,66
RebecaXX,Torres Carrillo,rebeca.torres5@outlook.com,3366128107,F,77
Isabel,Aréchiga Torres,isabel.aréchiga28@yahoo.com,3365493719,F,10
Alma,García Miramontes,alma.garcía69@gmail.com,3326982077,F,37
Carla,Pérez Cuevas,carla.pérez39@hotmail.com,3346973004,F,17
Luis José,Carrillo Cuevas,luis.carrillo89@gmail.com,3334901743,M,47
Gerardo Pedro,García García,gerardo.garcía27@hotmail.com,3316127534,M,74
Carmen,Carrillo Macías,carmen.carrillo73@yahoo.com,3360180428,F,69
Miguel Antonio,Macías Hernández,miguel.macías78@hotmail.com,3325033622,M,75
Daniela,Carrillo Miramontes,daniela.carrillo47@yahoo.com,3357785137,F,84
José Miguel,Maciel Hernández,josé.maciel74@hotmail.com,3301131033,M,16
Casandra María,Macías Córdova,casandra.macías8@yahoo.com,3331220553,F,59
Andrea Alma,Maciel Córdova,andrea.maciel49@hotmail.com,3384506835,F,52
Isabel Cristina,Macías López,isabel.macías23@gmail.com,3334430976,F,64
Andrea,Pérez Cuevas,andrea.pérez77(*2@outlook.com,3350330955,F,85
Carlos Gerardo,Maciel Maciel,carlos.maciel29@outlook.com,3377984966,M,18
Denise Casandra,López Maciel,denise.lópez18@hotmail.com,3331681348,F,41
Rebeca,Carrillo Cuevas,rebeca.carrillo27@hotmail.com,3320527239,F,58
Andrea Isabel,Macías Macías,andrea.macías74@outlook.com,3361911675,F,74
Carla,Torres Cuevas,carla.torres73@outlook.com,3364131669,F,58
Daniela,Córdova López,daniela.córdova47@hotmail.com,3316791118,F??,60
Manuel Gerardo,Hernández Torres,manuel.hernández2@outlook.com,3304504843,M,44
Germán Germán,Torres Torres,germán.torres63@yahoo.com,3363638640,M,2
Omar Manuel,Torres Aréchiga,omar.torres96@gmail.com,3383784507,M,53
Miguel,Torres Maciel,miguel.torres31@outlook.com,3368380208,M,56
Darío Manuel,Torres Córdova,darío.torres58@outlook.com,3301463036,M,92
Darío Pedro,Carrillo García,darío.carrillo80@outlook.com,3335289718,M,30
Oscar José,García Macías,oscar.garcía60@hotmail.com,3304359435,M,97
María Cristina,Macías López,maría.macías27@gmail.com,3359944884,F,19
Daniel,Hernández Hernández,daniel.hernández88@hotmail.com,3392099979,M,9
Germán,Aréchiga Aréchiga,germán.aréchiga27@yahoo.com,3315865677,M,27
Casandra,Hernández López,casandra.hernández87@outlook.com,3354629125,F,72.5
Santiago José,García López,santiago.garcía16@outlook.com,3309706554,M,67
Itzel,Córdova Aréchiga,itzel.córdova14@yahoo.com,3324386340,FX,71
José Daniel,García Hernández,josé.garcía96@yahoo.com,3302706396,M,30
Santiago Luis,Carrillo Macías,santiago.carrillo45@outlook.com,3354266023,M,58
Gerardo Carlos,Miramontes García,gerardo.miramontes52@hotmail.com,3343011483,M,82
Daniel,López Maciel,daniel.lópez66@hotmail.com,3384613230,M,9
Carlos,García Miramontes,carlos.garcía54@yahoo.com,3314553328,M,91
José Oscar,Torres López,josé.torres9@outlook.com,3381515277,M,56
Casandra Casandra,Hernández García,casandra.hernández33@yahoo.com,3359324275,F,33
Carlos Antonio,López Hernández,carlos.lópez92@outlook.com,3391312649,M,46
María María,Macías Miramontes,maría.macías33@gmail.com,3357209994,F,7
Isabel Andrea,Macías Hernández,isabel.macías19@yahoo.com,3392895472,F,70
Carlos,Aréchiga Macías,carlos.aréchiga43(*2@hotmail.com,3350021756,M,3
Cristina Carmen,Macías Córdova,cristina.macías73@outlook.com,3304858196,F,44
Denise,García Maciel,denise.garcía87@hotmail.com,3375302532,F,11
Germán Daniel,García Carrillo,germán.garcía42@yahoo.com,3358449268,M,13
Santiago Manuel,Cuevas Macías,santiago.cuevas59@outlook.com,3354055810,M,55
Santiago Juan,Torres Maciel,santiago.torres43@outlook.com,3344440499,M,90
María María,Córdova Torres,maría.córdova55@hotmail.com,3327297295,F,17
Juan,Torres García,juan.torres46@yahoo.com,3335707089,M,57
Pedro,Pérez Carrillo,pedro.pérez18@gmail.com,3317060928,M,73
Carla Itzel,Macías López,carla.macías34@yahoo.com,3358420567,F,26
Carlos,García Torres,carlos.garcía26@yahoo.com,3325407265,M,57
Andrea Brenda,Hernández Carrillo,andrea.hernández43@yahoo.com,3390255683,F,22
Cristina,Maciel Aréchiga,cristina.maciel44@outlook.com,3328074967,F,99
Omar,Córdova Cuevas,omar.córdova53@gmail.com,3374718797,M,12
Armando Daniel,Pérez Córdova,armando.pérez19@hotmail.com,3350142033,M,51
Rebeca,García Torres,rebeca.garcía71@yahoo.com,3301718801,F,21
Darío Daniel,Miramontes Macías,darío.miramontes18@hotmail.com,3330316828,M,17
Rebeca Denise,Carrillo López,rebeca.carrillo16@hotmail.com,3335597007,F,40
Rebeca Daniela,López Pérez,rebeca.lópez56@outlook.com,3301634635,F,5
Omar Oscar,Córdova Hernández,omar.córdova10(*2@yahoo.com,3394106508,M,85
Rebeca Casandra,Maciel Torres,rebeca.maciel27@yahoo.com,3306188929,F,49
Pedro Oscar,Maciel García,pedro.maciel64@hotmail.com,3357000004,M,9
Darío,Pérez Macías,darío.pérez10@hotmail.com,3331327455,M,22
Carlos José,Carrillo Aréchiga,carlos.carrillo38@hotmail.com,3383459682,M,89
Antonio Omar,Miramontes Hernández,antonio.miramontes31@yahoo.com,3384889359,M,23
Casandra María,Carrillo García,casandra.carrillo39@hotmail.com,3367190801,F,24
Itzel,López Carrillo,itzel.lópez14@hotmail.com,3386258019,F,88
Daniel Daniel,Maciel Torres,daniel.maciel64@gmail.com,3385209248,M,57a
Gerardo,Maciel Pérez,gerardo.maciel60@gmail.com,3321744237,M,39??
Cristina Isabel,Hernández Maciel,cristina.hernández70@hotmail.com,3363250071,F,28
Brenda Andrea,García Maciel,brenda.garcía92@gmail.com,3391423742,F,17
Antonio Germán,Carrillo García,antonio.carrillo26@yahoo.com,3332578449,M,9
Casandra Carla,Maciel Torres,casandra.maciel53@yahoo.com,3393309685,F,77
